Rich Cat (Easy)|Rich Cat (Normal)|Rich Cat (Hard)|＠|||||||
Speed Cat (Easy)|Speed Cat (Normal)|Speed Cat (Hard)|＠|||||||
Cat Jobs (Easy)|Cat Jobs (Normal)|Cat Jobs (Hard)|＠|||||||
Sniper Cat (Easy)|Sniper Cat (Normal)|Sniper Cat (Hard)|＠|||||||
Helpful Cat (Easy)|Helpful Cat (Normal)|Helpful Cat (Hard)|＠|||||||
Sweet XP (Easy)|Sweet XP (Normal)|Sweet XP (Hard)|＠|||||||
Love, Metal Hippoe (Hard)|＠|||||||||
Super Metal Hippoe (Expert)|＠|||||||||
Athletic Meet|Anti Halloween|Winning and Losing|＠|||||||
Weeklong Meetings|Co-workers don't work|Stress Relief Stress|Jobs in Jobs Security|Pay without Leave|Value of Last Minute|＠||||
That Night|That Song|Warm Stew|Cat & Snow|Part Time Santa|Santa or Satan!?|Santa is on Salary|Happy Merry X-mas|＠||
No Happy Holidays|Holiday Diet Fail|No More Resolutions|Just One More Drink|After After Party|Forgot the Countdown|Blackout|Hangover|＠||
Angelic Devil|Dracula Donates Blood|My Pet Werewolf|Sunbathing Mummies|Soul Leasing|Lucifer Likes to Smile|Zombies being Healthy|Humans are Scarier|＠||
Bear Grills|Bearly Dressed|With a Ton of Padding|Bees with Ears|Arming Bears|Going Bipolar|Fighting Bearhanded|Can't Bear Anymore|＠||
Attack on R-Cyclone (Expert)|＠|||||||||
Attack on B-Cyclone (Expert)|＠|||||||||
Attack on W-Cyclone (Expert)|＠|||||||||
Dark Souls (Insane)|＠|||||||||
Absolute Defence (Insane)|＠|||||||||
Berserk (Insane)|＠|||||||||
Festival Gross (Insane)|＠|||||||||
Head Shaker (Insane)|＠|||||||||
Flappy Cat (Insane)|＠|||||||||
Fish Hell (Insane)|＠|||||||||
Mammals? (Insane)|＠|||||||||
Crazy Cats (Insane)|＠|||||||||
Cat School Musical|I can feel it|The Catbook|P.S Cat Loves You|100 Cat Dates|Lament|I L U|Let's Start Over|＠||
Sweet XP (Easy)|Sweet XP (Normal)|Sweet XP (Hard)|Sweet XP (Veteran)|Sweet XP (Expert)|Sweet XP (Insane)|＠||||
Sweet XP (Easy)|Sweet XP (Normal)|Sweet XP (Hard)|Sweet XP (Veteran)|Sweet XP (Expert)|Sweet XP (Insane)|＠||||
Liking Love|No More Duckface!|Read but No Reply|Online Dating!|Blocked on FB!|Work or Me!|Let's Just Be Friends|Never Give Up!|＠||
Wedding Toils|Sending a Friend|BGM is "Macarena"|Bouquet Finds Water|Family Drama Woes|Mistook Bride's Name|Ex says I object|… No, I Do Not|＠||
Glutton Next Door|Summer Already?|Something About Cats|Summertime Smoothie|Starving in Summer|Boy Meats Girl|Sandbags on the Cape|Right here, right meow|＠||
Dad's back to haunt us|But we're on vacation|Can't pass thru walls?|Just hit the skies!|Wasting inheritance|Hiring fake mourners|Grave is just plastic…|I'm not here anymore.|＠||
Special Thanks! (Insane)|＠|||||||||
Ultra Stress! (Insane)|＠|||||||||
Miracle Tactics! (Insane)|＠|||||||||
Dawn Joggers|Day Job = Boxers|Escaping the Home|300 Years Probation|Bearhanded Brawler|Trophy Wives|Living the Dream|Wife Still the Boss|＠||
|＠|||||||||
Gotta Warm Up First|Awkward Entrance|Dad, No Videos!|The Sack Race|Faster Barefoot|Egg-Glue-Spoon|Chicken Run|Everyone Wins|＠||
Oncoming Maelstrom (Expert)|＠|||||||||
Grats! 2 Years!!|＠|||||||||
Grats! 2 Years!!|＠|||||||||
Grats! 2 Years!!|＠|||||||||
Attack on Titanium (Insane)|＠|||||||||
First Sunrise!|＠|||||||||
Taking the Stage (Veteran)|Taking the Stage (Insane)|＠||||||||
Path of Kung-Fu (Expert)|Path of Kung-Fu (Insane)|＠||||||||
Mr.-ious Evolution (Expert)|Mr.-ious Evolution (Insane)|＠||||||||
Bound to Evolve (Expert)|Bound to Evolve (Insane)|＠||||||||
Whipped into Shape (Expert)|Whipped into Shape (Insane)|＠||||||||
Boxing Clever (Expert)|Boxing Clever (Insane)|＠||||||||
No Frills Evolution (Expert)|No Frills Evolution (Insane)|＠||||||||
Hell on 3 Wheels (Expert)|Hell on 3 Wheels (Insane)|＠||||||||
Way of the Ninja (Veteran)|Way of the Ninja (Insane)|＠||||||||
Shambling Along (Expert)|Shambling Along (Insane)|＠||||||||
Way of the Samurai (Veteran)|Way of the Samurai (Insane)|＠||||||||
Oh Yokozuna! (Expert)|Oh Yokozuna! (Insane)|＠||||||||
Boogie Up (Expert)|Boogie Up (Insane)|＠||||||||
Skirting Danger (Veteran)|Skirting Danger (Insane)|＠||||||||
Refined Palate (Insane)|＠|||||||||
Mallow March|Marzi Pain|Cavity Creeping|＠|||||||
Eastern Cave|＠|||||||||
Western Walk|＠|||||||||
Southern Fort|＠|||||||||
Northern Crater|＠|||||||||
Poppin' in 3D!|Fight your Friends!|Player VS Player|Pay Only Once!|No I-A-P!|Get Those Ubers|Conquer the Galaxy|At Nintendo eShop!|＠||
Black Hole Rising (Insane)|＠|||||||||
|＠|||||||||
Joy of 20 Million!|＠|||||||||
Tornado Carnival (Deadly)|Awakened Carnival (Deadly)|＠||||||||
Wonderful Conquest (Insane)|＠|||||||||
Faster Than Fast Food|＠|||||||||
Sweet Samhain|Lantern O'Jack|Cosplay Carnival|Trick or Treatment|Hello Hello Halloween|Harvest Festival|＠||||
Rich Cat (Veteran)|＠|||||||||
Speed Cat (Veteran)|＠|||||||||
Cat Jobs (Veteran)|＠|||||||||
Sniper Cat (Veteran)|＠|||||||||
Helpful Cat (Veteran)|＠|||||||||
Steel Visage (Deadly)|＠|||||||||
Elite Corps (Insane)|＠|||||||||
Grats! 3 Years!!|＠|||||||||
Coming to Town!|Reindeer Games|Whipped Cream|Coup d'Workshop|War on Xmas|＠|||||
Year's First Dawn!|＠|||||||||
Growing Up (Expert)|Growing Up (Insane)|＠||||||||
Something Wicked (Expert)|Something Wicked (Insane)|＠||||||||
Dolled Up (Expert)|Dolled Up (Insane)|＠||||||||
Order Maiden (Expert)|Order Maiden (Insane)|＠||||||||
Carp A Diem (Expert)|Carp A Diem (Insane)|＠||||||||
Bridal Blues (Expert)|Bridal Blues (Insane)|＠||||||||
End of Holiday (Expert)|End of Holiday (Insane)|＠||||||||
No Need to Curse! (Expert)|No Need to Curse! (Insane)|＠||||||||
Old Master (Expert)|Old Master (Insane)|＠||||||||
Sweat and Tears (Expert)|Sweat and Tears (Insane)|＠||||||||
Nine to Five Fever (Expert)|Nine to Five Fever (Insane)|＠||||||||
Reindeer Road (Expert)|Reindeer Road (Insane)|＠||||||||
No Plan A (Deadly)|＠|||||||||
Oncoming Storm (Insane)|＠|||||||||
Green Envy (Hard)|Green Envy (Expert)|Green Envy (Insane)|＠|||||||
Violet Flash (Hard)|Violet Flash (Expert)|Violet Flash (Insane)|＠|||||||
Red Passions (Hard)|Red Passions (Expert)|Red Passions (Insane)|＠|||||||
Blue Illusion (Hard)|Blue Illusion (Expert)|Blue Illusion (Insane)|＠|||||||
Rays of Gold (Hard)|Rays of Gold (Expert)|Rays of Gold (Insane)|＠|||||||
Deathhawk (Deadly)|＠|||||||||
Vulcanizer (Deadly)|＠|||||||||
Unjust War (Deadly)|＠|||||||||
Muscle Party (Deadly)|＠|||||||||
Lots O' Lion (Deadly)|＠|||||||||
Forest Beasts (Deadly)|＠|||||||||
Ogre Island (Deadly)|＠|||||||||
Draconian (Deadly)|＠|||||||||
Resident Feline (Deadly)|＠|||||||||
Tragedy in Red (Insane)|＠|||||||||
Explosion in the Sky (Insane)|＠|||||||||
|＠|||||||||
Nuts 'n' Bolts (Expert)|＠|||||||||
Short Shorts|Squirtgun Warfare|Candy Apple Dentistry|Mosquito Hell|Sparkler Heaven|Backyard BBQ|＠||||
Sender Unknown|＠|||||||||
Realm of Carnage (Deadly)|＠|||||||||
Green Envy (Hard)|Green Envy (Expert)|Green Envy (Insane)|＠|||||||
Honey Trap (Deadly)|＠|||||||||
Tornado Carnival II (Deadly)|Awakened Carnival II (Deadly)|＠||||||||
Meatless Wieners|Deep Fried Air|Burnt to Perfection|Not Quite Organic|Outta Change...|Always In the Red|＠||||
Unholy Tempest (Insane)|＠|||||||||
Four Years of Fun!!|＠|||||||||
Tempered in Flame (Deadly)|＠|||||||||
Langue de Chat|White Dove|Snow at Dawn|Buddha of Romance|Icy Desire|＠|||||
Year's First Dawn|＠|||||||||
Savage Instinct|Bloodstained Claws|The 222 Incident|＠|||||||
Parade of the Dead (Deadly)|＠|||||||||
Season of Rebirth|Bunny Bros.|Island Egg Hunt|Native Cultures|Most Ancient|Rongorongo|＠||||
Tiny Meows (Deadly)|＠|||||||||
Tiny Will (Deadly)|＠|||||||||
Tiny Chopper (Deadly)|＠|||||||||
Tiny Creeper (Deadly)|＠|||||||||
Tiny Horns (Deadly)|＠|||||||||
Tiny Wings (Deadly)|＠|||||||||
Tiny Fins (Deadly)|＠|||||||||
Tiny Tail (Deadly)|＠|||||||||
Tiny Fists (Deadly)|＠|||||||||
We're Number One|＠|||||||||
Gold in a Coal Mine|I My Me Miner|Golden Age's Dawn|Never Not Shovelin'|Dreams Come False|＠|||||
|＠|||||||||
Rainy Day Races|Tinpot Trophy|Stormcloud Stakes|Paradise Derby|Slimy Stallions|＠|||||
Kartopia (Expert)|Kartopia (Insane)|＠||||||||
|＠|||||||||
Joy of 30 Million!|＠|||||||||
Megaton Blast (Insane)|＠|||||||||
None More Squishy|＠|||||||||
Bloomin' Brightly (Easy)|＠|||||||||
Kids At School|I Am A Cat|c2 ＝ a2 ＋ b2|War of the Roses|N2+3H2→2NH3|＠|||||
Impact Site (Normal)|Impact Site (Veteran)|Impact Site (Insane)|＠|||||||
Brushfire (Normal)|Brushfire (Veteran)|Brushfire (Insane)|＠|||||||
Ancient Ruins (Normal)|Ancient Ruins (Veteran)|Ancient Ruins (Insane)|＠|||||||
Value Ordeal (Normal)|＠|||||||||
No Shame in 2nd|Silver Anniversary|A Distant Road|＠|||||||
Taste of Success (Merciless)|＠|||||||||
Five Years of Fun!!|＠|||||||||
The Wormhole Opens (Deadly)|＠|||||||||
N-1 Grand Prix (Deadly)|＠|||||||||
Year's First Dawn|＠|||||||||
Pencil Launcher|Demon Drill Sgt|One-Use Cannon|Sanitary Corps|Cat Army's Day Off|＠|||||
in JAPAN|in LONDON|in NEW YORK|＠|||||||||||
An Elder Secret (Merciless)|＠|||||||||||||
|＠|||||||||||||
Rainy Day Races|Tinpot Trophy|Stormcloud Stakes|Paradise Derby|Slimy Stallions|＠|
The Ex Appears|Awkward S.O.|Family Feuding|Double Proposal|Show Me The Stars|＠|
Leak Year|Cats of Yesterday|Heat Wave Blues|Lazy Tomorrow|Young Nyan|＠|
Dad's Back to Heaven|Long Line at Cerberus|Charon's Overbooked|Still on Vacation|See You Next Year|＠|
Night Shuffleboard|Twilight Wandering|5 Secret Families|Two Years Cursed|The Wife Still Wins|＠|
Wrath of R-Cyclone (Insane)|Revenge of R-Cyclone (Deadly)|＠|
Inviting Cemetary|2 Bodies, 0 Legs|Grave Bouquet|Fallen Priest|Hours 'Til Morning|＠|
Premium Friday|Total Professional|CORE TIME|Maternity Leave Forever|Late Nite Shake-Up|＠|
Wrath of B-Cyclone (Insane)|Revenge of B-Cyclone (Deadly)|＠|
Forged to Kill (Deadly)|＠|
Meatless Wieners|Deep Fried Air|Burnt to Perfection|Not Quite Organic|Outta Change...|Always In the Red|＠||||||||
That's Not Santa...|Jingle Hell|Not-so-Silent Night|Present Hunters|Cosmic Xmas|＠|
Wrath of W-Cyclone (Insane)|Revenge of W-Cyclone (Deadly)|＠|
Bombergirl (Deadly)|＠|
Sands of the East|＠|
Wastes of the West|＠|
Peaks of the South|＠|
Ruins of the North|＠|
Presents of Mind (Insane)|＠|
6 Years of Fun!!|＠|
Chores Unending|Unknown Relatives|I Hope It's an Uber|Different from the Ad|Just What I Wanted|＠|
Wrath of A-Cyclone (Insane)|Revenge of A-Cyclone (Deadly)|＠|
Hang onto Happiness|Silent Family|Eat Happy Sushi|Expired Joy|Sins and Blessings|＠|
Wrath of Titanium (Deadly)|Revenge of Titanium (Deadly)|＠|
New Year's Dawn|＠|
Charybdis' Mouth (Merciless)|＠|
Tornado Carnival III (Deadly)|Awakened Carnival III (Deadly)|＠|
Joy of 40 Million!|＠|
Hibernation's End|2 Much 2 Bear|Grizzled Veterans|What We Do In The Woods|Bear in Mind|＠|
Wrath of Black Hole (Deadly)|Revenge of Black Hole (Deadly)|＠|
Faculty Change|You in a Petri Dish|Dangerous Equations|Litmus of Love|U + Me = Photosynthesis|＠|
Wrath of Red Sky (Deadly)|Revenge of Red Sky (Merciless)|＠|
New Testament (Deadly)|A Cat Screaming Love (Merciless)|＠|
Pain of Love|No Right Swipes|Arranged Marriage|Biological Hourglass|Settling Down|＠|
Wrath of the Unholy (Deadly)|Revenge of the Unholy (Merciless)|＠|
Wrath of Carnage (Deadly)|Revenge of Carnage (Merciless)|＠|
|＠|
Honey Drip (Deadly)|Royal Jelly Hell (Merciless)|＠|
|＠|
Revenge of the Wormhole (Merciless)|Wrath of the Wormhole (Merciless)|＠|
Sender Unknown|＠|
Prisoner's Progress (Merciless)|March to Death (Merciless)|＠|
Play Battle Cats Together!|Team Up & Win!|Over 350 Cats!|Play All You Want!|Legend Stages Too!|Minigames Galore!|At the Nintendo eShop!|But the App's Fun Too :)|＠|
Revenge of N-1 (Merciless)|Wrath of the Dogelord (Merciless)|＠|
The Wild Dance (Deadly)|Insane Rhythms (Merciless)|＠|
CAT DAY|＠|
Vanguard (Easy)|Elite (Easy)|Commander (Easy)|＠|
Vanguard (Normal)|Elite (Normal)|Commander (Hard)|＠|
Vanguard (Hard)|Elite (Hard)|Commander (Veteran)|＠|
Vanguard (Veteran)|Elite (Expert)|Commander (Insane)|＠|
Wrath of the Dreamer  (Deadly)|Revenge of the Dreamer (Merciless)|＠|
Puffer Planet (Merciless)|＠|
|＠|
The Pure Land (Merciless)|＠|
|＠|
Saintly Sister (Merciless)|＠|
I'll Be Bug (Merciless)|＠|
Happy 2020!|＠|
Spectrum of Truth (Deadly)|＠|
Surprising #5|Not Uncommon #4|As Expected #3|Runner-Up #2|Unbelievable #1|Unseen in 2019|＠|
Year of the Rat|＠|
Sender Unknown|＠|
Flow Like the Stream (Merciless)|＠|
Vanguard (Insane)|Elite (Deadly)|Commander (Deadly)|＠|
Joy of 50 Million!|＠|
Dogsville (Merciless)|＠
Golden Week Special!!|＠
Last of the Dead (Merciless)|＠
Baby Fake (Merciless)|＠
Compass Mound (Deadly)|Atlas Archeology (Deadly)|Church of Mercator (Merciless)|＠
Rites of Spring: Basic (Veteran)|Rites of Spring: Standard (Expert)|Rites of Spring: Advanced (Insane)|Rites of Spring: Exalted (Deadly)|Rites of Spring: Supreme (Deadly)|＠
Song of Summer: Basic (Expert)|Song of Summer: Standard (Insane)|Song of Summer: Advanced (Deadly)|Song of Summer: Exalted (Deadly)|Song of Summer: Supreme (Merciless)|＠
Feast of Fall: Basic (Insane)|Feast of Fall: Standard (Deadly)|Feast of Fall: Advanced (Deadly)|Feast of Fall: Exalted (Merciless)|Feast of Fall: Supreme (Merciless)|＠
Dance of Winter: Basic (Deadly)|Dance of Winter: Standard (Deadly)|Dance of Winter: Advanced (Merciless)|Dance of Winter: Exalted (Merciless)|Dance of Winter: Supreme (Merciless)|＠
Quarterfinals (Easy)|Semifinals (Easy)|Finals (Easy)|＠
Quarterfinals (Normal)|Semifinals (Hard)|Finals (Veteran)|＠
Quarterfinals (Veteran)|Semifinals (Veteran)|Finals (Expert)|＠
Quarterfinals (Expert)|Semifinals (Insane)|Finals (Deadly)|＠
Quarterfinals (Deadly)|Semifinals (Deadly)|Finals (Deadly)|＠